,employee_id,total_work_hours,productivity_score
0,1,8.125,0.1856060606060606
1,2,7.25,0.1379492600422833
2,3,7.416666666666667,0.20224719101123595
3,4,7.833333333333333,0.12765957446808512
4,5,8.0,0.125
5,6,7.666666666666666,0.19318181818181818
6,7,7.875,0.12701612903225806
7,8,7.791666666666666,0.12834591626630062
8,9,7.541666666666666,0.1326007326007326
9,10,7.958333333333334,0.1256578947368421
